,,,,,,
,,Point Parameters 1 [Natural convection [CONVECTION_FLOWSIM]],,,,
,,,,,,
,,,,,,
,,,,,,
,,,,,,
,,Medium - Fluid/Solid; Iteration = 94,,,,
,,X [m],Y [m],Z [m],Heat Transfer Coefficient [W/m^2/K],Surface Heat Flux [W/m^2]
,,-0.050000000745058,-0.002631579060107,0,2.36526838235552,141.44304926486
,,-0.055121295154095,-0.002631579060107,0,2.34234215527326,140.072060885341
,,-0.060242589563131,-0.002631579060107,0,2.52196730689502,150.813644952322
,,-0.065363883972168,-0.002631579060107,0,2.77806949721264,166.128555933316
,,-0.070485182106495,-0.002631579060107,0,2.99618885894893,179.172093765146
,,-0.075606480240822,-0.002631579060107,0,3.21719910077142,192.388506226131
,,-0.080727778375149,-0.002631579060107,0,3.48759002363268,208.557883413234
,,-0.085849076509476,-0.002631579060107,0,3.90074240849664,233.264396028099
,,-0.090970374643803,-0.002631579060107,0,4.70261452386709,281.216348527252
,,-0.09609167277813,-0.002631579060107,0,19.0513636307696,1139.27154512002
,,-0.044878702610731,-0.002631579060107,0,2.65536162788752,158.790625347674
,,-0.039757411926985,-0.002631579060107,0,3.19422541943286,191.014680082085
,,-0.034636117517948,-0.002631579060107,0,3.72284828692806,222.626327558298
,,-0.029514824971557,-0.002631579060107,0,4.17125023659036,249.440764148104
,,-0.024393528699875,-0.002631579060107,0,4.58009188679293,273.889494830217
,,-0.019272232428193,-0.002631579060107,0,5.01147049027852,299.685935318656
,,-0.014150941744447,-0.002631579060107,0,5.49187176645797,328.413931634186
,,-0.0090296510607,-0.002631579060107,0,5.74743214414012,343.696442219579
,,-0.003908348269761,-0.002631579060107,0,5.83162956445901,348.731447954649
,,-0.047439347952604,-0.007894737645984,0,2.54699177526672,152.31010816095
,,-0.052560646086931,-0.007894737645984,0,2.42348141941954,144.924188881288
,,-0.057681940495968,-0.007894737645984,0,2.65511663360246,158.775974689427
,,-0.062803238630295,-0.007894737645984,0,2.92535588212448,174.936281751044
,,-0.067924536764622,-0.007894737645984,0,3.16346305123506,189.175090463857
,,-0.073045834898949,-0.007894737645984,0,3.35686487181924,200.74051933479
,,-0.078167133033276,-0.007894737645984,0,3.54060860927483,211.728394834635
,,-0.083288431167603,-0.007894737645984,0,3.83034632307837,229.054710120087
,,-0.08840972930193,-0.007894737645984,0,4.45574209305366,266.453377164609
,,-0.093531027436256,-0.007894737645984,0,11.2864653611624,674.930628597509
,,-0.098652325570583,-0.007894737645984,0,25.7369409264,1539.06906739872
,,-0.042318057268858,-0.007894737645984,0,2.923442865925,174.821883382315
,,-0.037196762859821,-0.007894737645984,0,3.4352933993321,205.430545280059
,,-0.032075472176075,-0.007894737645984,0,3.96712880209854,237.234302365493
,,-0.026954174041748,-0.007894737645984,0,4.41613336084658,264.084774978625
,,-0.021832877770066,-0.007894737645984,0,4.84230760662457,289.569994876149
,,-0.01671158708632,-0.007894737645984,0,5.26993476176644,315.142098753633
,,-0.011590296402574,-0.007894737645984,0,5.63033120905783,336.693806301659
,,-0.006468993611634,-0.007894737645984,0,5.81075212293875,347.482976951737
,,-0.001347696757875,-0.007894737645984,0,5.78695087204467,346.059662148271
,,-0.050000000745058,-0.013157895766199,0,2.59373202291034,155.105174970038
,,-0.055121295154095,-0.013157895766199,0,2.80456184886228,167.712798561964
,,-0.060242589563131,-0.013157895766199,0,3.15757685312449,188.823095816844
,,-0.065363883972168,-0.013157895766199,0,3.48856741980796,208.616331704516
,,-0.070485182106495,-0.013157895766199,0,3.66740251887879,219.310670628952
,,-0.075606480240822,-0.013157895766199,0,3.81395436275063,228.074470892488
,,-0.080727778375149,-0.013157895766199,0,4.00434568823449,239.459872156423
,,-0.085849076509476,-0.013157895766199,0,4.35056084123437,260.163538305815
,,-0.090970374643803,-0.013157895766199,0,5.10457296285702,305.25346317885
,,-0.09609167277813,-0.013157895766199,0,19.445321842812,1162.83024620016
,,-0.044878702610731,-0.013157895766199,0,2.64134803375363,157.952612418467
,,-0.039757411926985,-0.013157895766199,0,3.03270354180342,181.355671799845
,,-0.034636117517948,-0.013157895766199,0,3.5569880992952,212.707888337853
,,-0.029514824971557,-0.013157895766199,0,4.06897312574609,243.324592919616
,,-0.024393528699875,-0.013157895766199,0,4.53219555459107,271.025294164546
,,-0.019272232428193,-0.013157895766199,0,4.93459922515114,295.089033664038
,,-0.014150941744447,-0.013157895766199,0,5.32624640127919,318.509534796495
,,-0.0090296510607,-0.013157895766199,0,5.54624792392632,331.665625850794
,,-0.003908348269761,-0.013157895766199,0,5.6085805213219,335.39311517505
,,-0.047439347952604,-0.018421053886414,0,2.5425427336942,152.044055474913
,,-0.052560646086931,-0.018421053886414,0,2.79919027398109,167.391578384069
,,-0.057681940495968,-0.018421053886414,0,3.25806508624125,194.832292157227
,,-0.062803238630295,-0.018421053886414,0,3.63327006082856,217.269549637548
,,-0.067924536764622,-0.018421053886414,0,3.89340039469544,232.825343602788
,,-0.073045834898949,-0.018421053886414,0,4.05251118797504,242.340169040907
,,-0.078167133033276,-0.018421053886414,0,4.17304336168361,249.54799302868
,,-0.083288431167603,-0.018421053886414,0,4.41426533453197,263.973067005012
,,-0.08840972930193,-0.018421053886414,0,4.98048019819602,297.832715852122
,,-0.093531027436256,-0.018421053886414,0,11.7867819623675,704.849561349579
,,-0.098652325570583,-0.018421053886414,0,26.2714195988205,1571.03089200946
,,-0.042318057268858,-0.018421053886414,0,2.5966368398798,155.278883024812
,,-0.037196762859821,-0.018421053886414,0,2.91088212013297,174.070750783951
,,-0.032075472176075,-0.018421053886414,0,3.39886296552714,203.252005338523
,,-0.026954174041748,-0.018421053886414,0,3.89373712456732,232.845480049126
,,-0.021832877770066,-0.018421053886414,0,4.32173991378498,258.440046844342
,,-0.01671158708632,-0.018421053886414,0,4.72946266927722,282.821867622778
,,-0.011590296402574,-0.018421053886414,0,5.05143381577186,302.075742183158
,,-0.006468993611634,-0.018421053886414,0,5.1729521396128,309.342537948846
,,-0.001347696757875,-0.018421053886414,0,5.07885043667582,303.715256113214
,,-0.050000000745058,-0.023684211075306,0,2.85716795384023,170.858643639646
,,-0.055121295154095,-0.023684211075306,0,3.31866241538818,198.456012440213
,,-0.060242589563131,-0.023684211075306,0,3.7438529257005,223.88240495689
,,-0.065363883972168,-0.023684211075306,0,4.03950566354307,241.562438679875
,,-0.070485182106495,-0.023684211075306,0,4.17718181178194,249.79547234456
,,-0.075606480240822,-0.023684211075306,0,4.28690734517153,256.357059241258
,,-0.080727778375149,-0.023684211075306,0,4.43909903216715,265.458122123595
,,-0.085849076509476,-0.023684211075306,0,4.73864569343081,283.371012467163
,,-0.090970374643803,-0.023684211075306,0,5.42350282687015,324.325469046835
,,-0.09609167277813,-0.023684211075306,0,19.6926792774465,1177.6222207913
,,-0.044878702610731,-0.023684211075306,0,2.47822835580255,148.198055676992
,,-0.039757411926985,-0.023684211075306,0,2.42296468804319,144.893288344983
,,-0.034636117517948,-0.023684211075306,0,2.73931794238625,163.811212954698
,,-0.029514824971557,-0.023684211075306,0,3.17881283418589,190.093007484316
,,-0.024393528699875,-0.023684211075306,0,3.6543627861346,218.530894610849
,,-0.019272232428193,-0.023684211075306,0,4.10308873801313,245.364706533185
,,-0.014150941744447,-0.023684211075306,0,4.51508891680985,270.002317225229
,,-0.0090296510607,-0.023684211075306,0,4.67825603867063,279.759711112504
,,-0.003908348269761,-0.023684211075306,0,4.67098366720521,279.324823298871
,,-0.047439347952604,-0.028947368264198,0,2.91216379183632,174.147394751812
,,-0.052560646086931,-0.028947368264198,0,3.44557207985262,206.045210375187
,,-0.057681940495968,-0.028947368264198,0,3.84849982480517,230.140289523349
,,-0.062803238630295,-0.028947368264198,0,4.09641139121796,244.965401194834
,,-0.067924536764622,-0.028947368264198,0,4.24234911545802,253.69247710439
,,-0.073045834898949,-0.028947368264198,0,4.32304369085555,258.518012713162
,,-0.078167133033276,-0.028947368264198,0,4.3772528154351,261.759718363019
,,-0.083288431167603,-0.028947368264198,0,4.54225010302416,271.626556160845
,,-0.08840972930193,-0.028947368264198,0,5.05030251571565,302.008090439796
,,-0.093531027436256,-0.028947368264198,0,11.7272086055901,701.28707461429
,,-0.098652325570583,-0.028947368264198,0,25.9853135075736,1553.9217477529
,,-0.042318057268858,-0.028947368264198,0,2.51785325274863,150.567624514368
,,-0.037196762859821,-0.028947368264198,0,2.37340128355768,141.929396756749
,,-0.032075472176075,-0.028947368264198,0,2.53573499516883,151.636952711096
,,-0.026954174041748,-0.028947368264198,0,2.94421216548719,176.063887496134
,,-0.021832877770066,-0.028947368264198,0,3.40456978716426,203.593273272423
,,-0.01671158708632,-0.028947368264198,0,3.84609482223821,229.996470369845
,,-0.011590296402574,-0.028947368264198,0,4.17650926345545,249.755253954636
,,-0.006468993611634,-0.028947368264198,0,4.28486859904206,256.235142222715
,,-0.001347696757875,-0.028947368264198,0,4.20650032411498,251.548719382076
,,-0.050000000745058,-0.034210525453091,0,3.5908919504796,214.73533863868
,,-0.055121295154095,-0.034210525453091,0,3.96251587469255,236.958449306615
,,-0.060242589563131,-0.034210525453091,0,4.18162370256446,250.061097413355
,,-0.065363883972168,-0.034210525453091,0,4.28870281086012,256.464428089435
,,-0.070485182106495,-0.034210525453091,0,4.31833772469887,258.236595936993
,,-0.075606480240822,-0.034210525453091,0,4.31945774011377,258.303572858803
,,-0.080727778375149,-0.034210525453091,0,4.37291902148643,261.500557484888
,,-0.085849076509476,-0.034210525453091,0,4.59808859561944,274.965698018042
,,-0.090970374643803,-0.034210525453091,0,5.26477575244896,314.833589996448
,,-0.09609167277813,-0.034210525453091,0,19.2135658299197,1148.9712366292
,,-0.044878702610731,-0.034210525453091,0,3.08080122757062,184.231913408723
,,-0.039757411926985,-0.034210525453091,0,2.56391586687117,153.322168838896
,,-0.034636117517948,-0.034210525453091,0,2.35460264580243,140.805238218986
,,-0.029514824971557,-0.034210525453091,0,2.42422793849401,144.968830721942
,,-0.024393528699875,-0.034210525453091,0,2.71525052800955,162.371981574971
,,-0.019272232428193,-0.034210525453091,0,3.14205261978279,187.894746663011
,,-0.014150941744447,-0.034210525453091,0,3.54935291261158,212.251304174173
,,-0.0090296510607,-0.034210525453091,0,3.74959843783639,224.225986582616
,,-0.003908348269761,-0.034210525453091,0,3.80299548093248,227.419129759762
,,-0.047439347952604,-0.039473682641983,0,3.80277668524404,227.406045777594
,,-0.052560646086931,-0.039473682641983,0,4.14561309800514,247.907663260708
,,-0.057681940495968,-0.039473682641983,0,4.24963630183283,254.128250849603
,,-0.062803238630295,-0.039473682641983,0,4.2958598745661,256.892420499053
,,-0.067924536764622,-0.039473682641983,0,4.29311521824403,256.728290050993
,,-0.073045834898949,-0.039473682641983,0,4.25052059317019,254.181131471578
,,-0.078167133033276,-0.039473682641983,0,4.18186465904756,250.075506611044
,,-0.083288431167603,-0.039473682641983,0,4.28763148497041,256.400362801231
,,-0.08840972930193,-0.039473682641983,0,4.78437838249411,286.105827273148
,,-0.093531027436256,-0.039473682641983,0,11.3139985445367,676.577112963297
,,-0.098652325570583,-0.039473682641983,0,25.2229653347952,1508.33332702075
,,-0.042318057268858,-0.039473682641983,0,3.30829308466597,197.835926463025
,,-0.037196762859821,-0.039473682641983,0,2.78884763204448,166.77308839626
,,-0.032075472176075,-0.039473682641983,0,2.38031753683845,142.342988702939
,,-0.026954174041748,-0.039473682641983,0,2.30214998312205,137.668568990698
,,-0.021832877770066,-0.039473682641983,0,2.52559744991918,151.030727505167
,,-0.01671158708632,-0.039473682641983,0,2.84447121082316,170.099378407225
,,-0.011590296402574,-0.039473682641983,0,3.13385620822272,187.404601251719
,,-0.006468993611634,-0.039473682641983,0,3.27626995468655,195.920943290256
,,-0.001347696757875,-0.039473682641983,0,3.26881411542254,195.475084102268
,,-0.050000000745058,-0.044736839830875,0,4.1882419157907,250.456866564284
,,-0.055121295154095,-0.044736839830875,0,4.27080421601733,255.394092117837
,,-0.060242589563131,-0.044736839830875,0,4.27587715762091,255.69745402573
,,-0.065363883972168,-0.044736839830875,0,4.24057211852399,253.586212687735
,,-0.070485182106495,-0.044736839830875,0,4.14071975965612,247.615041627436
,,-0.075606480240822,-0.044736839830875,0,4.05201014216167,242.310206501268
,,-0.080727778375149,-0.044736839830875,0,4.06652419748869,243.178147009824
,,-0.085849076509476,-0.044736839830875,0,4.30159742614246,257.235526083319
,,-0.090970374643803,-0.044736839830875,0,5.00293413497731,299.175461271643
,,-0.09609167277813,-0.044736839830875,0,18.6564583435886,1115.6562089466
,,-0.044878702610731,-0.044736839830875,0,3.98886263407388,238.533985517618
,,-0.039757411926985,-0.044736839830875,0,3.5948340185778,214.971074310953
,,-0.034636117517948,-0.044736839830875,0,3.0919866299263,184.900800469593
,,-0.029514824971557,-0.044736839830875,0,2.68492110127167,160.558281856046
,,-0.024393528699875,-0.044736839830875,0,2.46145107755858,147.194774438003
,,-0.019272232428193,-0.044736839830875,0,2.47287108882688,147.877691111848
,,-0.014150941744447,-0.044736839830875,0,2.63753881851695,157.724821347314
,,-0.0090296510607,-0.044736839830875,0,2.71664554865441,162.455403809534
,,-0.003908348269761,-0.044736839830875,0,2.72864823568161,163.173164493761
,,-0.047439347952604,-0.049999997019768,0,4.24304357787529,253.734005956942
,,-0.052560646086931,-0.049999997019768,0,4.2690782798934,255.290881137625
,,-0.057681940495968,-0.049999997019768,0,4.23399144282096,253.192688280693
,,-0.062803238630295,-0.049999997019768,0,4.14924941167865,248.125114818383
,,-0.067924536764622,-0.049999997019768,0,4.03092594428954,241.049371468514
,,-0.073045834898949,-0.049999997019768,0,3.91004938748829,233.8209533718
,,-0.078167133033276,-0.049999997019768,0,3.8448647175833,229.922910111482
,,-0.083288431167603,-0.049999997019768,0,4.00440473345302,239.463403060491
,,-0.08840972930193,-0.049999997019768,0,4.55215008837498,272.218575284824
,,-0.093531027436256,-0.049999997019768,0,11.0233008282327,659.193389528317
,,-0.098652325570583,-0.049999997019768,0,24.7323749249404,1478.99602051144
,,-0.042318057268858,-0.049999997019768,0,4.09789401788634,245.054062269603
,,-0.037196762859821,-0.049999997019768,0,3.81354299254351,228.049870954102
,,-0.032075472176075,-0.049999997019768,0,3.40242159848548,203.464811589432
,,-0.026954174041748,-0.049999997019768,0,2.9932313334289,178.995233739048
,,-0.021832877770066,-0.049999997019768,0,2.74831800543301,164.349416724894
,,-0.01671158708632,-0.049999997019768,0,2.6247071762303,156.957489138572
,,-0.011590296402574,-0.049999997019768,0,2.55890647469556,153.022607186795
,,-0.006468993611634,-0.049999997019768,0,2.46405781862014,147.350657553484
,,-0.001347696757875,-0.049999997019768,0,2.37338963542246,141.928700198263
,,-0.050000000745058,-0.05526315420866,0,4.25272129368911,254.312733362609
,,-0.055121295154095,-0.05526315420866,0,4.17885841823428,249.89573341041
,,-0.060242589563131,-0.05526315420866,0,4.06772718170915,243.250085466207
,,-0.065363883972168,-0.05526315420866,0,3.92011720464029,234.423008837489
,,-0.070485182106495,-0.05526315420866,0,3.7743026412943,225.703297949399
,,-0.075606480240822,-0.05526315420866,0,3.71409819388276,222.103071994189
,,-0.080727778375149,-0.05526315420866,0,3.79843626607823,227.146488711478
,,-0.085849076509476,-0.05526315420866,0,4.11456807056328,246.051170619684
,,-0.090970374643803,-0.05526315420866,0,4.87232495191084,291.365032124269
,,-0.09609167277813,-0.05526315420866,0,18.4804523721592,1105.13105185512
,,-0.044878702610731,-0.05526315420866,0,4.27850956910944,255.854872232745
,,-0.039757411926985,-0.05526315420866,0,4.20842152184589,251.663607006384
,,-0.034636117517948,-0.05526315420866,0,3.97594879691311,237.761738055404
,,-0.029514824971557,-0.05526315420866,0,3.66713258405197,219.294528526308
,,-0.024393528699875,-0.05526315420866,0,3.33785283833499,199.603599732432
,,-0.019272232428193,-0.05526315420866,0,3.04295878842342,181.968935547721
,,-0.014150941744447,-0.05526315420866,0,2.82844265490353,169.140870763231
,,-0.0090296510607,-0.05526315420866,0,2.58854809401264,154.795176021956
,,-0.003908348269761,-0.05526315420866,0,2.38460879629662,142.599606018538
,,-0.047439347952604,-0.060526311397553,0,4.24235353056028,253.692741127504
,,-0.052560646086931,-0.060526311397553,0,4.14402209809303,247.812521465963
,,-0.057681940495968,-0.060526311397553,0,3.98710467401698,238.428859506215
,,-0.062803238630295,-0.060526311397553,0,3.81961906860432,228.413220302539
,,-0.067924536764622,-0.060526311397553,0,3.67125509727917,219.541054817295
,,-0.073045834898949,-0.060526311397553,0,3.57787876954889,213.957150419024
,,-0.078167133033276,-0.060526311397553,0,3.59616596972438,215.050724989518
,,-0.083288431167603,-0.060526311397553,0,3.86201786212945,230.948668155341
,,-0.08840972930193,-0.060526311397553,0,4.49198489139186,268.620696505234
,,-0.093531027436256,-0.060526311397553,0,11.0416851111856,660.292769648898
,,-0.098652325570583,-0.060526311397553,0,24.8329529419859,1485.01058593076
,,-0.042318057268858,-0.060526311397553,0,4.27995637642109,255.941391309981
,,-0.037196762859821,-0.060526311397553,0,4.24263919564261,253.709823899428
,,-0.032075472176075,-0.060526311397553,0,4.12036574551827,246.397871581993
,,-0.026954174041748,-0.060526311397553,0,3.90020886620839,233.232490199261
,,-0.021832877770066,-0.060526311397553,0,3.63173236457752,217.177595401735
,,-0.01671158708632,-0.060526311397553,0,3.34478971703089,200.018425078447
,,-0.011590296402574,-0.060526311397553,0,3.03053756725355,181.226146521762
,,-0.006468993611634,-0.060526311397553,0,2.66808676764876,159.551588705396
,,-0.001347696757875,-0.060526311397553,0,2.44408294798471,146.156160289486
,,-0.050000000745058,-0.065789468586445,0,4.09293477268132,244.757499406343
,,-0.055121295154095,-0.065789468586445,0,3.9183780860901,234.319009548188
,,-0.060242589563131,-0.065789468586445,0,3.73640818784462,223.437209633108
,,-0.065363883972168,-0.065789468586445,0,3.57781454904995,213.953310033187
,,-0.070485182106495,-0.065789468586445,0,3.49273651489361,208.865643590638
,,-0.075606480240822,-0.065789468586445,0,3.52450530515725,210.765417248403
,,-0.080727778375149,-0.065789468586445,0,3.719206284668,222.408535823146
,,-0.085849076509476,-0.065789468586445,0,4.14689240099294,247.984165579378
,,-0.090970374643803,-0.065789468586445,0,4.98393751306804,298.039463281469
,,-0.09609167277813,-0.065789468586445,0,18.7307302857617,1120.09767108855
,,-0.044878702610731,-0.065789468586445,0,4.23386000196565,253.184828117546
,,-0.039757411926985,-0.065789468586445,0,4.31006057090462,257.741622140097
,,-0.034636117517948,-0.065789468586445,0,4.29723646934884,256.974740867061
,,-0.029514824971557,-0.065789468586445,0,4.21384051205119,251.987662620661
,,-0.024393528699875,-0.065789468586445,0,4.0636501494658,243.006278938055
,,-0.019272232428193,-0.065789468586445,0,3.84971500711202,230.212957425299
,,-0.014150941744447,-0.065789468586445,0,3.54167648053804,211.792253536175
,,-0.0090296510607,-0.065789468586445,0,3.1408212667585,187.821111752158
,,-0.003908348269761,-0.065789468586445,0,2.8039011671757,167.673289797107
,,-0.047439347952604,-0.071052625775337,0,4.05049930483518,242.219858429144
,,-0.052560646086931,-0.071052625775337,0,3.86264499027041,230.986170418171
,,-0.057681940495968,-0.071052625775337,0,3.67899243932124,220.00374787141
,,-0.062803238630295,-0.071052625775337,0,3.54524976757996,212.005936101281
,,-0.067924536764622,-0.071052625775337,0,3.47940147018836,208.068207917264
,,-0.073045834898949,-0.071052625775337,0,3.50460679501451,209.575486341868
,,-0.078167133033276,-0.071052625775337,0,3.65797746052896,218.747052139632
,,-0.083288431167603,-0.071052625775337,0,4.03883282946149,241.522203201797
,,-0.08840972930193,-0.071052625775337,0,4.74662896454227,283.848412079628
,,-0.093531027436256,-0.071052625775337,0,11.3452399273499,678.445347655527
,,-0.098652325570583,-0.071052625775337,0,25.1648851619006,1504.86013268166
,,-0.042318057268858,-0.071052625775337,0,4.20728686086486,251.595754279719
,,-0.037196762859821,-0.071052625775337,0,4.31196838208375,257.855709248608
,,-0.032075472176075,-0.071052625775337,0,4.34679759779743,259.938496348286
,,-0.026954174041748,-0.071052625775337,0,4.28121961780644,256.016933144825
,,-0.021832877770066,-0.071052625775337,0,4.12916965890291,246.924345602394
,,-0.01671158708632,-0.071052625775337,0,3.89049770801819,232.651762939488
,,-0.011590296402574,-0.071052625775337,0,3.56164964336701,212.986648673347
,,-0.006468993611634,-0.071052625775337,0,3.14614319959831,188.139363335979
,,-0.001347696757875,-0.071052625775337,0,2.90947276658291,173.986471441658
,,-0.050000000745058,-0.07631578296423,0,3.87785251670878,231.895580499185
,,-0.055121295154095,-0.07631578296423,0,3.72041364960899,222.480736246618
,,-0.060242589563131,-0.07631578296423,0,3.59649417570166,215.07035170696
,,-0.065363883972168,-0.07631578296423,0,3.53053035638966,211.125715312102
,,-0.070485182106495,-0.07631578296423,0,3.59537564940052,215.003463834151
,,-0.075606480240822,-0.07631578296423,0,3.77194116889593,225.562081899977
,,-0.080727778375149,-0.07631578296423,0,4.0778958452635,243.858171546757
,,-0.085849076509476,-0.07631578296423,0,4.56736621393999,273.128499593612
,,-0.090970374643803,-0.07631578296423,0,5.41332171907784,323.716638800855
,,-0.09609167277813,-0.07631578296423,0,18.7955306524668,1123.97273301751
,,-0.044878702610731,-0.07631578296423,0,4.04799296831923,242.06997950549
,,-0.039757411926985,-0.07631578296423,0,4.21176943140213,251.863811997847
,,-0.034636117517948,-0.07631578296423,0,4.32914520422979,258.882883212942
,,-0.029514824971557,-0.07631578296423,0,4.37104012925395,261.388199729387
,,-0.024393528699875,-0.07631578296423,0,4.32126673722993,258.41175088635
,,-0.019272232428193,-0.07631578296423,0,4.16942379433016,249.331542900944
,,-0.014150941744447,-0.07631578296423,0,3.89040387951027,232.646151994714
,,-0.0090296510607,-0.07631578296423,0,3.54115050095999,211.760799957407
,,-0.003908348269761,-0.07631578296423,0,3.26036209379649,194.96965320903
,,-0.047439347952604,-0.081578940153122,0,4.02375071293157,240.620292633308
,,-0.052560646086931,-0.081578940153122,0,3.88958554535997,232.597215612526
,,-0.057681940495968,-0.081578940153122,0,3.794548774902,226.91401673914
,,-0.062803238630295,-0.081578940153122,0,3.76832369501877,225.345756962122
,,-0.067924536764622,-0.081578940153122,0,3.83009879127483,229.039907718235
,,-0.073045834898949,-0.081578940153122,0,3.9872095799237,238.435132879437
,,-0.078167133033276,-0.081578940153122,0,4.23851624070496,253.463271194156
,,-0.083288431167603,-0.081578940153122,0,4.63273708111125,277.037677450453
,,-0.08840972930193,-0.081578940153122,0,5.30539632275377,317.262700100675
,,-0.093531027436256,-0.081578940153122,0,11.7022749706059,699.796043242234
,,-0.098652325570583,-0.081578940153122,0,25.1408845845855,1503.42489815821
,,-0.042318057268858,-0.081578940153122,0,4.17690707672884,249.779043188385
,,-0.037196762859821,-0.081578940153122,0,4.3326071614688,259.089908255834
,,-0.032075472176075,-0.081578940153122,0,4.46852830424424,267.217992593806
,,-0.026954174041748,-0.081578940153122,0,4.52136772455111,270.377789928157
,,-0.021832877770066,-0.081578940153122,0,4.43437378218603,265.175552174725
,,-0.01671158708632,-0.081578940153122,0,4.23402463105432,253.194672937048
,,-0.011590296402574,-0.081578940153122,0,3.95254154780767,236.361984558899
,,-0.006468993611634,-0.081578940153122,0,3.63813743817376,217.560618802791
,,-0.001347696757875,-0.081578940153122,0,3.48083146215174,208.153721436674
,,-0.050000000745058,-0.086842097342014,0,4.33646492148185,259.320602304615
,,-0.055121295154095,-0.086842097342014,0,4.26610871085074,255.113300908874
,,-0.060242589563131,-0.086842097342014,0,4.2474045102835,253.994789714953
,,-0.065363883972168,-0.086842097342014,0,4.29701489043173,256.961490447818
,,-0.070485182106495,-0.086842097342014,0,4.46825016072749,267.201359611504
,,-0.075606480240822,-0.086842097342014,0,4.70099174370129,281.119306273337
,,-0.080727778375149,-0.086842097342014,0,5.00575811597406,299.344335335249
,,-0.085849076509476,-0.086842097342014,0,5.44289368372029,325.485042286473
,,-0.090970374643803,-0.086842097342014,0,6.21546940634764,371.685070499589
,,-0.09609167277813,-0.086842097342014,0,18.1085980503933,1082.89416341352
,,-0.044878702610731,-0.086842097342014,0,4.4457477404061,265.855714876284
,,-0.039757411926985,-0.086842097342014,0,4.59130170297462,274.559841837882
,,-0.034636117517948,-0.086842097342014,0,4.74468982006386,283.732451239819
,,-0.029514824971557,-0.086842097342014,0,4.85729565151339,290.466279960501
,,-0.024393528699875,-0.086842097342014,0,4.88600120376101,292.182871984908
,,-0.019272232428193,-0.086842097342014,0,4.79169660574077,286.543457023298
,,-0.014150941744447,-0.086842097342014,0,4.54247472032513,271.639988275443
,,-0.0090296510607,-0.086842097342014,0,4.27432141167152,255.604420417957
,,-0.003908348269761,-0.086842097342014,0,4.07597104492961,243.743068486791
,,-0.047439347952604,-0.092105254530907,0,6.91123636502904,413.291934628737
,,-0.052560646086931,-0.092105254530907,0,6.82610532315072,408.201098324413
,,-0.057681940495968,-0.092105254530907,0,6.82230246637043,407.973687488952
,,-0.062803238630295,-0.092105254530907,0,6.89912336307768,412.567577112045
,,-0.067924536764622,-0.092105254530907,0,7.04280016085635,421.15944961921
,,-0.073045834898949,-0.092105254530907,0,7.23116922016309,432.423919365753
,,-0.078167133033276,-0.092105254530907,0,7.42426529002478,443.971064343482
,,-0.083288431167603,-0.092105254530907,0,7.79845176595954,466.347415604381
,,-0.08840972930193,-0.092105254530907,0,8.06754451397214,482.439161935534
,,-0.093531027436256,-0.092105254530907,0,11.5882222838489,692.975692574164
,,-0.098652325570583,-0.092105254530907,0,18.2624539198446,1092.09474440671
,,-0.042318057268858,-0.092105254530907,0,7.0387342369419,420.916307369126
,,-0.037196762859821,-0.092105254530907,0,7.19343629206332,430.167490265386
,,-0.032075472176075,-0.092105254530907,0,7.35570758031217,439.871313302668
,,-0.026954174041748,-0.092105254530907,0,7.47426592036599,446.961102037886
,,-0.021832877770066,-0.092105254530907,0,7.45190094708538,445.623676635706
,,-0.01671158708632,-0.092105254530907,0,7.30290726305811,436.713854330875
,,-0.011590296402574,-0.092105254530907,0,7.07035340820942,422.807133810923
,,-0.006468993611634,-0.092105254530907,0,6.82366716136778,408.055296249793
,,-0.001347696757875,-0.092105254530907,0,6.71509015873256,401.562391492207
,,-0.050000000745058,-0.097368411719799,0,22.2721688921335,1331.87569974958
,,-0.055121295154095,-0.097368411719799,0,22.2374024348734,1329.79666560543
,,-0.060242589563131,-0.097368411719799,0,22.3408280002573,1335.98151441538
,,-0.065363883972168,-0.097368411719799,0,22.534944691078,1347.58969252647
,,-0.070485182106495,-0.097368411719799,0,22.6938430985045,1357.09181729057
,,-0.075606480240822,-0.097368411719799,0,22.5832137587459,1350.47618277301
,,-0.080727778375149,-0.097368411719799,0,22.8942115351197,1369.07384980016
,,-0.085849076509476,-0.097368411719799,0,22.8371446556633,1365.66125040866
,,-0.090970374643803,-0.097368411719799,0,18.235422128263,1090.47824327013
,,-0.09609167277813,-0.097368411719799,0,18.0826246842388,1081.34095611748
,,-0.044878702610731,-0.097368411719799,0,22.4580353514544,1342.99051401698
,,-0.039757411926985,-0.097368411719799,0,22.7532579362358,1360.6448245869
,,-0.034636117517948,-0.097368411719799,0,23.0929601194818,1380.95901514501
,,-0.029514824971557,-0.097368411719799,0,23.4203080604287,1400.53442201364
,,-0.024393528699875,-0.097368411719799,0,23.651086542996,1414.33497527116
,,-0.019272232428193,-0.097368411719799,0,23.694414813423,1416.92600584269
,,-0.014150941744447,-0.097368411719799,0,23.4267100910195,1400.91726344297
,,-0.0090296510607,-0.097368411719799,0,23.1428870960483,1383.94464834369
,,-0.003908348269761,-0.097368411719799,0,22.9634805314898,1373.21613578309
,,-0.09736841917038,-0.050000000745058,0.003000000026077,12.8666759937467,769.42722442605
,,-0.09736841917038,-0.044878706336021,0.003000000026077,12.7611383536946,763.116073550938
,,-0.09736841917038,-0.039757411926985,0.003000000026077,12.7311087955,761.320305970902
,,-0.09736841917038,-0.034636117517948,0.003000000026077,12.8000654198945,765.443912109694
,,-0.09736841917038,-0.029514823108912,0.003000000026077,12.3945100658993,741.191701940777
,,-0.09736841917038,-0.024393528699875,0.003000000026077,11.68699191761,698.882116673078
,,-0.09736841917038,-0.019272234290838,0.003000000026077,11.0305690734616,659.628030593005
,,-0.09736841917038,-0.014150939881802,0.003000000026077,11.0522721809332,660.925876419805
,,-0.09736841917038,-0.009029645472765,0.003000000026077,11.0559968203481,661.148609856819
,,-0.09736841917038,-0.003908350598067,0.003000000026077,11.0644023382073,661.651259824797
,,-0.09736841917038,-0.055121298879385,0.003000000026077,12.9886055166305,776.718609894505
,,-0.09736841917038,-0.060242589563131,0.003000000026077,13.1320595744805,785.297162553935
,,-0.09736841917038,-0.065363883972168,0.003000000026077,13.3278280663475,797.004118367579
,,-0.09736841917038,-0.070485182106495,0.003000000026077,13.5476663755578,810.150449258359
,,-0.09736841917038,-0.075606480240822,0.003000000026077,13.8267436434918,826.83926988081
,,-0.09736841917038,-0.080727778375149,0.003000000026077,14.2919265851839,854.657209793997
,,-0.09736841917038,-0.085849076509476,0.003000000026077,14.9978705150983,896.87265680288
,,-0.09736841917038,-0.090970374643803,0.003000000026077,15.9049948128432,951.118689808021
,,-0.09736841917038,-0.09609167277813,0.003000000026077,18.460802810899,1103.95600809176
,,-0.092105261981487,-0.052560653537512,0.003000000026077,3.38640049405021,202.506749544203
,,-0.092105261981487,-0.047439355403185,0.003000000026077,3.286724341196,196.546115603521
,,-0.092105261981487,-0.042318060994148,0.003000000026077,3.19302946569739,190.943162048704
,,-0.092105261981487,-0.037196766585112,0.003000000026077,3.11758629878859,186.431660667558
,,-0.092105261981487,-0.032075472176075,0.003000000026077,3.06325331033444,183.182547958
,,-0.092105261981487,-0.026954177767038,0.003000000026077,3.02284900429874,180.766370457064
,,-0.092105261981487,-0.021832883358002,0.003000000026077,3.0263240005474,180.974175232734
,,-0.092105261981487,-0.016711588948965,0.003000000026077,3.04523807455761,182.105236858545
,,-0.092105261981487,-0.011590294539928,0.003000000026077,3.06623977465842,183.361138524574
,,-0.092105261981487,-0.006468999665231,0.003000000026077,3.07889915621227,184.118169541494
,,-0.092105261981487,-0.001347704790533,0.003000000026077,3.08967480442107,184.76255330438
,,-0.092105261981487,-0.057681944221258,0.003000000026077,3.39219888709765,202.853493448439
,,-0.092105261981487,-0.062803238630295,0.003000000026077,3.38899021528705,202.661614874166
,,-0.092105261981487,-0.067924536764622,0.003000000026077,3.49405364408657,208.944407916377
,,-0.092105261981487,-0.073045834898949,0.003000000026077,3.78477854567107,226.32975703113
,,-0.092105261981487,-0.078167133033276,0.003000000026077,4.33456301927013,259.206868552354
,,-0.092105261981487,-0.083288431167603,0.003000000026077,5.15594897820769,308.32574889682
,,-0.092105261981487,-0.08840972930193,0.003000000026077,6.09089522023633,364.235534170133
,,-0.092105261981487,-0.093531027436256,0.003000000026077,10.0379225268863,600.267767107799
,,-0.092105261981487,-0.098652325570583,0.003000000026077,18.1312021142654,1084.24588643307
,,-0.086842104792595,-0.050000000745058,0.003000000026077,2.00068124030412,119.640738170186
,,-0.086842104792595,-0.044878706336021,0.003000000026077,2.00246285818532,119.747278919482
,,-0.086842104792595,-0.039757411926985,0.003000000026077,1.95375718074188,116.834679408364
,,-0.086842104792595,-0.034636117517948,0.003000000026077,1.85445120488263,110.896182051981
,,-0.086842104792595,-0.029514823108912,0.003000000026077,1.80249790125267,107.78937449491
,,-0.086842104792595,-0.024393528699875,0.003000000026077,1.80850817168038,108.148788666487
,,-0.086842104792595,-0.019272234290838,0.003000000026077,1.85920298770639,111.180338664842
,,-0.086842104792595,-0.014150939881802,0.003000000026077,1.86707902444095,111.651325661569
,,-0.086842104792595,-0.009029645472765,0.003000000026077,1.90710804216412,114.045060921414
,,-0.086842104792595,-0.003908350598067,0.003000000026077,1.9534518706139,116.816421862711
,,-0.086842104792595,-0.055121298879385,0.003000000026077,1.9766164443516,118.201663372226
,,-0.086842104792595,-0.060242589563131,0.003000000026077,2.00975255939698,120.183203051939
,,-0.086842104792595,-0.065363883972168,0.003000000026077,2.21562476654443,132.494361039357
,,-0.086842104792595,-0.070485182106495,0.003000000026077,2.81542426510518,168.36237105329
,,-0.086842104792595,-0.075606480240822,0.003000000026077,3.55217470986769,212.420047650088
,,-0.086842104792595,-0.080727778375149,0.003000000026077,4.21173340833353,251.861657818345
,,-0.086842104792595,-0.085849076509476,0.003000000026077,4.62766264526929,276.734226187104
,,-0.086842104792595,-0.090970374643803,0.003000000026077,4.62847959071703,276.783079524878
,,-0.086842104792595,-0.09609167277813,0.003000000026077,12.6696015256175,757.642171231924
,,-0.081578947603703,-0.052560653537512,0.003000000026077,1.89093045383191,113.077641139148
,,-0.081578947603703,-0.047439355403185,0.003000000026077,1.9700178115766,117.807065132281
,,-0.081578947603703,-0.042318060994148,0.003000000026077,2.02067197687702,120.836184217246
,,-0.081578947603703,-0.037196766585112,0.003000000026077,1.9899687622045,119.000131979829
,,-0.081578947603703,-0.032075472176075,0.003000000026077,1.8717085800758,111.928173088533
,,-0.081578947603703,-0.026954177767038,0.003000000026077,1.80423916352452,107.893501978766
,,-0.081578947603703,-0.021832883358002,0.003000000026077,1.81690534935914,108.650939891677
,,-0.081578947603703,-0.016711588948965,0.003000000026077,1.81258143254196,108.392369666009
,,-0.081578947603703,-0.011590294539928,0.003000000026077,1.81968315638671,108.817052751925
,,-0.081578947603703,-0.006468999665231,0.003000000026077,1.91723040285574,114.650378090773
,,-0.081578947603703,-0.001347704790533,0.003000000026077,2.03938261916929,121.955080626323
,,-0.081578947603703,-0.057681944221258,0.003000000026077,2.03112364754858,121.461194123405
,,-0.081578947603703,-0.062803238630295,0.003000000026077,2.52704754314714,151.117443080199
,,-0.081578947603703,-0.067924536764622,0.003000000026077,3.2568409891375,194.759091150423
,,-0.081578947603703,-0.073045834898949,0.003000000026077,4.06108756857082,242.853036600535
,,-0.081578947603703,-0.078167133033276,0.003000000026077,4.67545714488952,279.592337264394
,,-0.081578947603703,-0.083288431167603,0.003000000026077,4.57838388497896,273.787356321742
,,-0.081578947603703,-0.08840972930193,0.003000000026077,4.09294178018501,244.757918455064
,,-0.081578947603703,-0.093531027436256,0.003000000026077,7.35772754288868,439.992107064743
,,-0.081578947603703,-0.098652325570583,0.003000000026077,15.6879306373315,938.138252112422
,,-0.07631579041481,-0.050000000745058,0.003000000026077,1.98660701985549,118.799099787358
,,-0.07631579041481,-0.044878706336021,0.003000000026077,1.96988557559246,117.799157420429
,,-0.07631579041481,-0.039757411926985,0.003000000026077,2.02325166157291,120.99044936206
,,-0.07631579041481,-0.034636117517948,0.003000000026077,1.92341342730167,115.02012295264
,,-0.07631579041481,-0.029514823108912,0.003000000026077,1.82453593589467,109.107248966501
,,-0.07631579041481,-0.024393528699875,0.003000000026077,1.78406558253014,106.687121835303
,,-0.07631579041481,-0.019272234290838,0.003000000026077,1.82646825059008,109.222801385287
,,-0.07631579041481,-0.014150939881802,0.003000000026077,1.76917073808421,105.796410137436
,,-0.07631579041481,-0.009029645472765,0.003000000026077,1.87864905530394,112.343213507176
,,-0.07631579041481,-0.003908350598067,0.003000000026077,2.07254746694902,123.938338523552
,,-0.07631579041481,-0.055121298879385,0.003000000026077,2.27759325698725,136.200076767837
,,-0.07631579041481,-0.060242589563131,0.003000000026077,2.89263262106541,172.979430739712
,,-0.07631579041481,-0.065363883972168,0.003000000026077,3.80646513804809,227.626615255276
,,-0.07631579041481,-0.070485182106495,0.003000000026077,4.59303782141116,274.663661720387
,,-0.07631579041481,-0.075606480240822,0.003000000026077,4.87527499429198,291.541444658661
,,-0.07631579041481,-0.080727778375149,0.003000000026077,4.58154162303616,273.976189057563
,,-0.07631579041481,-0.085849076509476,0.003000000026077,3.81553839125208,228.169195796874
,,-0.07631579041481,-0.090970374643803,0.003000000026077,3.027102336285,181.020719709843
,,-0.07631579041481,-0.09609167277813,0.003000000026077,11.393000778206,681.301446536718
,,-0.071052633225918,-0.052560653537512,0.003000000026077,2.48694057440709,148.719046349544
,,-0.071052633225918,-0.047439355403185,0.003000000026077,2.03293155043668,121.569306716113
,,-0.071052633225918,-0.042318060994148,0.003000000026077,1.84235320225265,110.172721494708
,,-0.071052633225918,-0.037196766585112,0.003000000026077,1.75478660795126,104.936239155486
,,-0.071052633225918,-0.032075472176075,0.003000000026077,1.64704080596285,98.4930401965784
,,-0.071052633225918,-0.026954177767038,0.003000000026077,1.56836020149327,93.7879400492975
,,-0.071052633225918,-0.021832883358002,0.003000000026077,1.66218796211027,99.3988401341944
,,-0.071052633225918,-0.016711588948965,0.003000000026077,1.69452350631504,101.332505677639
,,-0.071052633225918,-0.011590294539928,0.003000000026077,1.72913587916186,103.402325573879
,,-0.071052633225918,-0.006468999665231,0.003000000026077,1.95189908786814,116.723565454515
,,-0.071052633225918,-0.001347704790533,0.003000000026077,2.3036756121225,137.759801604926
,,-0.071052633225918,-0.057681944221258,0.003000000026077,3.37838638685047,202.027505933658
,,-0.071052633225918,-0.062803238630295,0.003000000026077,4.30297157632716,257.317700264364
,,-0.071052633225918,-0.067924536764622,0.003000000026077,4.92295167382415,294.392510094684
,,-0.071052633225918,-0.073045834898949,0.003000000026077,5.0368479022349,301.203504553647
,,-0.071052633225918,-0.078167133033276,0.003000000026077,4.48319505982762,268.095064577692
,,-0.071052633225918,-0.083288431167603,0.003000000026077,3.42261479328101,204.672364638205
,,-0.071052633225918,-0.08840972930193,0.003000000026077,2.72407737070759,162.899826768314
,,-0.071052633225918,-0.093531027436256,0.003000000026077,6.28959079369467,376.117529462941
,,-0.071052633225918,-0.098652325570583,0.003000000026077,15.0978626226099,902.852184832074
,,-0.065789476037026,-0.050000000745058,0.003000000026077,3.02222019544493,180.728767687607
,,-0.065789476037026,-0.044878706336021,0.003000000026077,2.23639052745614,133.736153541877
,,-0.065789476037026,-0.039757411926985,0.003000000026077,1.80257855491717,107.794197584047
,,-0.065789476037026,-0.034636117517948,0.003000000026077,1.55105815908974,92.7532779135664
,,-0.065789476037026,-0.029514823108912,0.003000000026077,1.41070531217358,84.3601776679801
,,-0.065789476037026,-0.024393528699875,0.003000000026077,1.43815467600638,86.0016496251818
,,-0.065789476037026,-0.019272234290838,0.003000000026077,1.67191064130812,99.9802563502256
,,-0.065789476037026,-0.014150939881802,0.003000000026077,1.72709305861433,103.280164905137
,,-0.065789476037026,-0.009029645472765,0.003000000026077,1.98669126436455,118.804137609
,,-0.065789476037026,-0.003908350598067,0.003000000026077,2.37354594598216,141.938047569733
,,-0.065789476037026,-0.055121298879385,0.003000000026077,3.91462420482976,234.09452744882
,,-0.065789476037026,-0.060242589563131,0.003000000026077,4.71999295545483,282.255578736199
,,-0.065789476037026,-0.065363883972168,0.003000000026077,5.22499034738297,312.454422773501
,,-0.065789476037026,-0.070485182106495,0.003000000026077,4.83907207843868,289.376510290633
,,-0.065789476037026,-0.075606480240822,0.003000000026077,4.01455576928674,240.070435003347
,,-0.065789476037026,-0.080727778375149,0.003000000026077,3.05432076790123,182.648381920494
,,-0.065789476037026,-0.085849076509476,0.003000000026077,2.27619647768454,136.116549365536
,,-0.065789476037026,-0.090970374643803,0.003000000026077,2.18960994690063,130.938674824658
,,-0.065789476037026,-0.09609167277813,0.003000000026077,10.8563881542645,649.212011625019
,,-0.060526318848133,-0.052560653537512,0.003000000026077,4.19518220468001,250.871895839864
,,-0.060526318848133,-0.047439355403185,0.003000000026077,3.37518512838137,201.836070677206
,,-0.060526318848133,-0.042318060994148,0.003000000026077,2.60168615416437,155.580832019029
,,-0.060526318848133,-0.037196766585112,0.003000000026077,1.94483119855857,116.300905673803
,,-0.060526318848133,-0.032075472176075,0.003000000026077,1.45417070008866,86.9594078653021
,,-0.060526318848133,-0.026954177767038,0.003000000026077,1.21865657701048,72.8756633052269
,,-0.060526318848133,-0.021832883358002,0.003000000026077,1.42511407448077,85.2218216539499
,,-0.060526318848133,-0.016711588948965,0.003000000026077,1.66106933932888,99.3319464918672
,,-0.060526318848133,-0.011590294539928,0.003000000026077,1.91947260739385,114.784461922152
,,-0.060526318848133,-0.006468999665231,0.003000000026077,2.34003943573123,139.934358256728
,,-0.060526318848133,-0.001347704790533,0.003000000026077,2.85763728121244,170.886709416504
,,-0.060526318848133,-0.057681944221258,0.003000000026077,4.75260748697686,284.205927721216
,,-0.060526318848133,-0.062803238630295,0.003000000026077,4.8444925875278,289.700656734162
,,-0.060526318848133,-0.067924536764622,0.003000000026077,4.4039108909326,263.35387127777
,,-0.060526318848133,-0.073045834898949,0.003000000026077,3.54704695093083,212.113407665664
,,-0.060526318848133,-0.078167133033276,0.003000000026077,2.61139403020892,156.161363006493
,,-0.060526318848133,-0.083288431167603,0.003000000026077,2.09335079497852,125.182377539716
,,-0.060526318848133,-0.08840972930193,0.003000000026077,2.06292487673877,123.362907628978
,,-0.060526318848133,-0.093531027436256,0.003000000026077,6.00706363326281,359.222405269116
,,-0.060526318848133,-0.098652325570583,0.003000000026077,14.7046957912721,879.340808318073
,,-0.055263161659241,-0.050000000745058,0.003000000026077,4.2321899304428,253.08495784048
,,-0.055263161659241,-0.044878706336021,0.003000000026077,3.62451854986985,216.746209282217
,,-0.055263161659241,-0.039757411926985,0.003000000026077,2.84287343614805,170.003831481654
,,-0.055263161659241,-0.034636117517948,0.003000000026077,2.08203243368569,124.505539534404
,,-0.055263161659241,-0.029514823108912,0.003000000026077,1.49261630963446,89.2584553161405
,,-0.055263161659241,-0.024393528699875,0.003000000026077,1.2351141513385,73.8598262500423
,,-0.055263161659241,-0.019272234290838,0.003000000026077,1.42597978973203,85.2735914259756
,,-0.055263161659241,-0.014150939881802,0.003000000026077,1.73413009150422,103.700979471952
,,-0.055263161659241,-0.009029645472765,0.003000000026077,2.22683370389235,133.164655492763
,,-0.055263161659241,-0.003908350598067,0.003000000026077,2.77005941054358,165.649552750506
,,-0.055263161659241,-0.055121298879385,0.003000000026077,4.56296298988279,272.865186794991
,,-0.055263161659241,-0.060242589563131,0.003000000026077,4.52402867933146,270.536915024021
,,-0.055263161659241,-0.065363883972168,0.003000000026077,4.02977020363848,240.980258177581
,,-0.055263161659241,-0.070485182106495,0.003000000026077,3.07558848044763,183.920191130768
,,-0.055263161659241,-0.075606480240822,0.003000000026077,2.38499593877666,142.622757138844
,,-0.055263161659241,-0.080727778375149,0.003000000026077,1.99134901407118,119.082671041456
,,-0.055263161659241,-0.085849076509476,0.003000000026077,1.911527733329,114.309358453074
,,-0.055263161659241,-0.090970374643803,0.003000000026077,2.17280338508969,129.933642428363
,,-0.055263161659241,-0.09609167277813,0.003000000026077,10.6634938994003,637.676935184137
,,-0.050000004470348,-0.052560653537512,0.003000000026077,4.37676318513797,261.730438471251
,,-0.050000004470348,-0.047439355403185,0.003000000026077,4.19080556681754,250.610172895689
,,-0.050000004470348,-0.042318060994148,0.003000000026077,3.72107957040056,222.520558309953
,,-0.050000004470348,-0.037196766585112,0.003000000026077,3.03522004398737,181.506158630445
,,-0.050000004470348,-0.032075472176075,0.003000000026077,2.22332202624629,132.954657169528
,,-0.050000004470348,-0.026954177767038,0.003000000026077,1.49562272275458,89.4382388207238
,,-0.050000004470348,-0.021832883358002,0.003000000026077,1.31277626691788,78.5040207616895
,,-0.050000004470348,-0.016711588948965,0.003000000026077,1.47080132316351,87.9539191251779
,,-0.050000004470348,-0.011590294539928,0.003000000026077,1.90687526855568,114.03114105963
,,-0.050000004470348,-0.006468999665231,0.003000000026077,2.57600072678368,154.044843461664
,,-0.050000004470348,-0.001347704790533,0.003000000026077,3.11602315651667,186.338184759697
,,-0.050000004470348,-0.057681944221258,0.003000000026077,4.11528634471663,246.094123414055
,,-0.050000004470348,-0.062803238630295,0.003000000026077,3.47077448724332,207.552314337151
,,-0.050000004470348,-0.067924536764622,0.003000000026077,2.71654660744872,162.449487125434
,,-0.050000004470348,-0.073045834898949,0.003000000026077,2.09683451087374,125.39070375025
,,-0.050000004470348,-0.078167133033276,0.003000000026077,1.93556604005266,115.746849195149
,,-0.050000004470348,-0.083288431167603,0.003000000026077,1.91996791476065,114.814081302687
,,-0.050000004470348,-0.08840972930193,0.003000000026077,2.0518027639491,122.697805284156
,,-0.050000004470348,-0.093531027436256,0.003000000026077,5.92117228387309,354.086102575611
,,-0.050000004470348,-0.098652325570583,0.003000000026077,14.4411104450248,863.578404612484
,,-0.044736847281456,-0.050000000745058,0.003000000026077,4.00320348489693,239.391568396836
,,-0.044736847281456,-0.044878706336021,0.003000000026077,4.06739932261419,243.230479492329
,,-0.044736847281456,-0.039757411926985,0.003000000026077,3.7791634137207,225.993972140498
,,-0.044736847281456,-0.034636117517948,0.003000000026077,3.14263706548801,187.929696516183
,,-0.044736847281456,-0.029514823108912,0.003000000026077,2.35238887001209,140.672854426723
,,-0.044736847281456,-0.024393528699875,0.003000000026077,1.63795441811211,97.9496742031045
,,-0.044736847281456,-0.019272234290838,0.003000000026077,1.24900383615313,74.6904294019571
,,-0.044736847281456,-0.014150939881802,0.003000000026077,1.48747913958943,88.9512525474477
,,-0.044736847281456,-0.009029645472765,0.003000000026077,2.1281846147304,127.265439960878
,,-0.044736847281456,-0.003908350598067,0.003000000026077,2.75330031712145,164.647358963863
,,-0.044736847281456,-0.055121298879385,0.003000000026077,3.62248073972253,216.624348235408
,,-0.044736847281456,-0.060242589563131,0.003000000026077,2.99647863240579,179.189422217866
,,-0.044736847281456,-0.065363883972168,0.003000000026077,2.24542371154813,134.276337950578
,,-0.044736847281456,-0.070485182106495,0.003000000026077,1.90041664656541,113.644915464611
,,-0.044736847281456,-0.075606480240822,0.003000000026077,1.93367449417944,115.633734751931
,,-0.044736847281456,-0.080727778375149,0.003000000026077,2.00029369699973,119.617563080584
,,-0.044736847281456,-0.085849076509476,0.003000000026077,1.96763511999743,117.664580175846
,,-0.044736847281456,-0.090970374643803,0.003000000026077,2.06281059417397,123.356073531603
,,-0.044736847281456,-0.09609167277813,0.003000000026077,10.480678865603,626.744596163063
,,-0.039473690092564,-0.052560653537512,0.003000000026077,3.13302428773692,187.354852406668
,,-0.039473690092564,-0.047439355403185,0.003000000026077,3.58853035554245,214.594115261439
,,-0.039473690092564,-0.042318060994148,0.003000000026077,3.75441626361984,224.514092564467
,,-0.039473690092564,-0.037196766585112,0.003000000026077,3.61761352183402,216.333288605675
,,-0.039473690092564,-0.032075472176075,0.003000000026077,3.18123430564223,190.237811477405
,,-0.039473690092564,-0.026954177767038,0.003000000026077,2.41314134445776,144.305852398574
,,-0.039473690092564,-0.021832883358002,0.003000000026077,1.69168172164874,101.162566954594
,,-0.039473690092564,-0.016711588948965,0.003000000026077,1.34808192078484,80.6152988629332
,,-0.039473690092564,-0.011590294539928,0.003000000026077,1.48804169757932,88.9848935152432
,,-0.039473690092564,-0.006468999665231,0.003000000026077,2.11517626933672,126.487540906336
,,-0.039473690092564,-0.001347704790533,0.003000000026077,2.55124909466656,152.56469586106
,,-0.039473690092564,-0.057681944221258,0.003000000026077,2.45839824394009,147.012214987617
,,-0.039473690092564,-0.062803238630295,0.003000000026077,1.95715086806188,117.0376219101
,,-0.039473690092564,-0.067924536764622,0.003000000026077,1.74512426427474,104.35843100363
,,-0.039473690092564,-0.073045834898949,0.003000000026077,1.82205240588155,108.958733871717
,,-0.039473690092564,-0.078167133033276,0.003000000026077,2.07937500370458,124.346625221534
,,-0.039473690092564,-0.083288431167603,0.003000000026077,1.95199658438827,116.729395746418
,,-0.039473690092564,-0.08840972930193,0.003000000026077,1.93706727350864,115.836622955817
,,-0.039473690092564,-0.093531027436256,0.003000000026077,5.74074696658965,343.296668602061
,,-0.039473690092564,-0.098652325570583,0.003000000026077,14.3163655283688,856.118658596453
,,-0.034210532903671,-0.050000000745058,0.003000000026077,2.52035684652413,150.717339422143
,,-0.034210532903671,-0.044878706336021,0.003000000026077,3.03019299634025,181.205541181147
,,-0.034210532903671,-0.039757411926985,0.003000000026077,3.32576136995657,198.880529923403
,,-0.034210532903671,-0.034636117517948,0.003000000026077,3.26710200706296,195.372700022365
,,-0.034210532903671,-0.029514823108912,0.003000000026077,2.92244026805935,174.761928029949
,,-0.034210532903671,-0.024393528699875,0.003000000026077,2.35635149468923,140.909819382416
,,-0.034210532903671,-0.019272234290838,0.003000000026077,1.67441518628606,100.130028139906
,,-0.034210532903671,-0.014150939881802,0.003000000026077,1.28203789153211,76.6658659136204
,,-0.034210532903671,-0.009029645472765,0.003000000026077,1.36211744133156,81.4546229916272
,,-0.034210532903671,-0.003908350598067,0.003000000026077,1.58682988960273,94.8924273982432
,,-0.034210532903671,-0.055121298879385,0.003000000026077,2.00510303043311,119.9051612199
,,-0.034210532903671,-0.060242589563131,0.003000000026077,1.61931477470668,96.8350235274592
,,-0.034210532903671,-0.065363883972168,0.003000000026077,1.48947902992026,89.0708459892314
,,-0.034210532903671,-0.070485182106495,0.003000000026077,1.65164231738306,98.7682105795073
,,-0.034210532903671,-0.075606480240822,0.003000000026077,1.86996258210433,111.823762409839
,,-0.034210532903671,-0.080727778375149,0.003000000026077,1.93547640476709,115.741489005072
,,-0.034210532903671,-0.085849076509476,0.003000000026077,1.8292141865979,109.387008358555
,,-0.034210532903671,-0.090970374643803,0.003000000026077,1.88864402209524,112.940912521296
,,-0.034210532903671,-0.09609167277813,0.003000000026077,10.4416159044397,624.408631085494
,,-0.028947375714779,-0.052560653537512,0.003000000026077,1.5494581033475,92.6575945801806
,,-0.028947375714779,-0.047439355403185,0.003000000026077,1.99470273911607,119.283223799141
,,-0.028947375714779,-0.042318060994148,0.003000000026077,2.42812889350671,145.202107831701
,,-0.028947375714779,-0.037196766585112,0.003000000026077,2.74430808520549,164.109623495288
,,-0.028947375714779,-0.032075472176075,0.003000000026077,2.85576700451029,170.774866869715
,,-0.028947375714779,-0.026954177767038,0.003000000026077,2.64822319588381,158.363747113852
,,-0.028947375714779,-0.021832883358002,0.003000000026077,2.17296761765887,129.943463536001
,,-0.028947375714779,-0.016711588948965,0.003000000026077,1.64394571667992,98.3079538574594
,,-0.028947375714779,-0.011590294539928,0.003000000026077,1.22124135751649,73.0302331794858
,,-0.028947375714779,-0.006468999665231,0.003000000026077,1.06881177290136,63.9149440195016
,,-0.028947375714779,-0.001347704790533,0.003000000026077,1.11822967828977,66.8701347617285
,,-0.028947375714779,-0.057681944221258,0.003000000026077,1.32001881299817,78.9371250172908
,,-0.028947375714779,-0.062803238630295,0.003000000026077,1.33229602129681,79.6713020735492
,,-0.028947375714779,-0.067924536764622,0.003000000026077,1.47782977380281,88.374220473408
,,-0.028947375714779,-0.073045834898949,0.003000000026077,1.69068870641755,101.103184643769
,,-0.028947375714779,-0.078167133033276,0.003000000026077,1.91383465496793,114.447312367082
,,-0.028947375714779,-0.083288431167603,0.003000000026077,1.80890698900571,108.172637942542
,,-0.028947375714779,-0.08840972930193,0.003000000026077,1.84425640776714,110.286533184475
,,-0.028947375714779,-0.093531027436256,0.003000000026077,5.55260468611874,332.045760229901
,,-0.028947375714779,-0.098652325570583,0.003000000026077,13.8253648778959,826.756819698174
,,-0.023684218525887,-0.050000000745058,0.003000000026077,1.31591154384643,78.6915103220168
,,-0.023684218525887,-0.044878706336021,0.003000000026077,1.55522086500083,93.0022077270497
,,-0.023684218525887,-0.039757411926985,0.003000000026077,1.91271481400214,114.380345877328
,,-0.023684218525887,-0.034636117517948,0.003000000026077,2.21491987686371,132.45220863645
,,-0.023684218525887,-0.029514823108912,0.003000000026077,2.35669044223436,140.930088445615
,,-0.023684218525887,-0.024393528699875,0.003000000026077,2.29192134621117,137.056896503428
,,-0.023684218525887,-0.019272234290838,0.003000000026077,1.99951930779823,119.571254606334
,,-0.023684218525887,-0.014150939881802,0.003000000026077,1.51946949628028,90.8642758775608
,,-0.023684218525887,-0.009029645472765,0.003000000026077,1.16920565382402,69.9184980986763
,,-0.023684218525887,-0.003908350598067,0.003000000026077,0.987744158188348,59.0671006596632
,,-0.023684218525887,-0.055121298879385,0.003000000026077,1.23006675322252,73.5579918427067
,,-0.023684218525887,-0.060242589563131,0.003000000026077,1.29023026344289,77.155769753885
,,-0.023684218525887,-0.065363883972168,0.003000000026077,1.45995301551094,87.3051903275542
,,-0.023684218525887,-0.070485182106495,0.003000000026077,1.62542246248559,97.2002632566385
,,-0.023684218525887,-0.075606480240822,0.003000000026077,1.80017303231468,107.650347332418
,,-0.023684218525887,-0.080727778375149,0.003000000026077,1.84948961399527,110.599478916917
,,-0.023684218525887,-0.085849076509476,0.003000000026077,1.79339081783591,107.244770906588
,,-0.023684218525887,-0.090970374643803,0.003000000026077,1.96182433632155,117.317095312029
,,-0.023684218525887,-0.09609167277813,0.003000000026077,9.52161782257464,569.392745789963
,,-0.018421061336994,-0.052560653537512,0.003000000026077,1.31579593272285,78.6845967768263
,,-0.018421061336994,-0.047439355403185,0.003000000026077,1.24007127035734,74.156261967369
,,-0.018421061336994,-0.042318060994148,0.003000000026077,1.29580157986263,77.4889344757856
,,-0.018421061336994,-0.037196766585112,0.003000000026077,1.47146974999281,87.9938910495702
,,-0.018421061336994,-0.032075472176075,0.003000000026077,1.72961918421449,103.431227216027
,,-0.018421061336994,-0.026954177767038,0.003000000026077,1.93832426851852,115.911791257407
,,-0.018421061336994,-0.021832883358002,0.003000000026077,1.93996975361282,116.010191266047
,,-0.018421061336994,-0.016711588948965,0.003000000026077,1.75891810995679,105.183302975416
,,-0.018421061336994,-0.011590294539928,0.003000000026077,1.47947065513345,88.4723451769801
,,-0.018421061336994,-0.006468999665231,0.003000000026077,1.23304730061929,73.7362285770337
,,-0.018421061336994,-0.001347704790533,0.003000000026077,1.18483482295807,70.8531224128926
,,-0.018421061336994,-0.057681944221258,0.003000000026077,1.48509573394909,88.8087248901554
,,-0.018421061336994,-0.062803238630295,0.003000000026077,1.63329834475164,97.6712410161481
,,-0.018421061336994,-0.067924536764622,0.003000000026077,1.72984005668955,103.444435390035
,,-0.018421061336994,-0.073045834898949,0.003000000026077,1.79474716266236,107.325880327209
,,-0.018421061336994,-0.078167133033276,0.003000000026077,1.90304537815819,113.80211361386
,,-0.018421061336994,-0.083288431167603,0.003000000026077,1.81435611293344,108.49849555342
,,-0.018421061336994,-0.08840972930193,0.003000000026077,1.92833225050272,115.314268580063
,,-0.018421061336994,-0.093531027436256,0.003000000026077,5.20035333068152,310.981129174755
,,-0.018421061336994,-0.098652325570583,0.003000000026077,12.3344437930746,737.599738825859
,,-0.013157903216779,-0.050000000745058,0.003000000026077,1.60598918452219,96.038153234427
,,-0.013157903216779,-0.044878706336021,0.003000000026077,1.37714806390143,82.3534542213054
,,-0.013157903216779,-0.039757411926985,0.003000000026077,1.16935782877475,69.9275981607299
,,-0.013157903216779,-0.034636117517948,0.003000000026077,1.16547416524142,69.695355081437
,,-0.013157903216779,-0.029514823108912,0.003000000026077,1.30531974048704,78.0581204811248
,,-0.013157903216779,-0.024393528699875,0.003000000026077,1.49609532343055,89.4665003411466
,,-0.013157903216779,-0.019272234290838,0.003000000026077,1.62860272094703,97.3904427126321
,,-0.013157903216779,-0.014150939881802,0.003000000026077,1.57322590734253,94.0789092590833
,,-0.013157903216779,-0.009029645472765,0.003000000026077,1.50381795245314,89.9283135566979
,,-0.013157903216779,-0.003908350598067,0.003000000026077,1.46747155775556,87.7547991537823
,,-0.013157903216779,-0.055121298879385,0.003000000026077,1.7744983025248,106.114998490983
,,-0.013157903216779,-0.060242589563131,0.003000000026077,1.86064767412639,111.266730912758
,,-0.013157903216779,-0.065363883972168,0.003000000026077,1.86694553873685,111.643343216463
,,-0.013157903216779,-0.070485182106495,0.003000000026077,1.80072317662349,107.683245962085
,,-0.013157903216779,-0.075606480240822,0.003000000026077,1.84254302498419,110.184072894054
,,-0.013157903216779,-0.080727778375149,0.003000000026077,1.85543122278383,110.954787122473
,,-0.013157903216779,-0.085849076509476,0.003000000026077,1.83913895882512,109.980509737742
,,-0.013157903216779,-0.090970374643803,0.003000000026077,2.06675855771446,123.592161751325
,,-0.013157903216779,-0.09609167277813,0.003000000026077,9.12214713387962,545.504398606002
,,-0.007894745096564,-0.052560653537512,0.003000000026077,2.21957511197279,132.730591695973
,,-0.007894745096564,-0.047439355403185,0.003000000026077,2.06701469343246,123.607478667261
,,-0.007894745096564,-0.042318060994148,0.003000000026077,1.71636779497387,102.638794139437
,,-0.007894745096564,-0.037196766585112,0.003000000026077,1.307708213186,78.2009511485228
,,-0.007894745096564,-0.032075472176075,0.003000000026077,0.995054467211408,59.5042571392422
,,-0.007894745096564,-0.026954177767038,0.003000000026077,1.01251759649225,60.5485522702366
,,-0.007894745096564,-0.021832883358002,0.003000000026077,1.19932346976666,71.7195434920463
,,-0.007894745096564,-0.016711588948965,0.003000000026077,1.36232568428785,81.4670759204132
,,-0.007894745096564,-0.011590294539928,0.003000000026077,1.44016426463828,86.1218230253689
,,-0.007894745096564,-0.006468999665231,0.003000000026077,1.41483839758659,84.6073361756781
,,-0.007894745096564,-0.001347704790533,0.003000000026077,1.37613282616336,82.2927430045691
,,-0.007894745096564,-0.057681944221258,0.003000000026077,2.14238042977669,128.114349700646
,,-0.007894745096564,-0.062803238630295,0.003000000026077,2.02950132533605,121.364179255096
,,-0.007894745096564,-0.067924536764622,0.003000000026077,1.9134282710673,114.423010609825
,,-0.007894745096564,-0.073045834898949,0.003000000026077,1.85064901265343,110.668810956675
,,-0.007894745096564,-0.078167133033276,0.003000000026077,1.9437232361404,116.234649521196
,,-0.007894745096564,-0.083288431167603,0.003000000026077,1.87541386702117,112.149749247866
,,-0.007894745096564,-0.08840972930193,0.003000000026077,1.9906017474612,119.03798449818
,,-0.007894745096564,-0.093531027436256,0.003000000026077,5.24566536250392,313.690788677735
,,-0.007894745096564,-0.098652325570583,0.003000000026077,12.3528873815687,738.702665417807
,,-0.002631586976349,-0.050000000745058,0.003000000026077,2.54275359628265,152.056665057703
,,-0.002631586976349,-0.044878706336021,0.003000000026077,2.3606862633185,141.169038546446
,,-0.002631586976349,-0.039757411926985,0.003000000026077,1.79771507867829,107.503361704962
,,-0.002631586976349,-0.034636117517948,0.003000000026077,1.19847558520389,71.6688399951926
,,-0.002631586976349,-0.029514823108912,0.003000000026077,0.884579097201493,52.8978300126493
,,-0.002631586976349,-0.024393528699875,0.003000000026077,0.879790221026662,52.6114552173944
,,-0.002631586976349,-0.019272234290838,0.003000000026077,1.12078264584751,67.0228022216813
,,-0.002631586976349,-0.014150939881802,0.003000000026077,1.31868777341083,78.8575288499675
,,-0.002631586976349,-0.009029645472765,0.003000000026077,1.3265744682043,79.3291531986175
,,-0.002631586976349,-0.003908350598067,0.003000000026077,1.25915189366622,75.29728324124
,,-0.002631586976349,-0.055121298879385,0.003000000026077,2.48827986245729,148.799135774946
,,-0.002631586976349,-0.060242589563131,0.003000000026077,2.30478177004437,137.825949848653
,,-0.002631586976349,-0.065363883972168,0.003000000026077,2.11694432181879,126.593270444764
,,-0.002631586976349,-0.070485182106495,0.003000000026077,1.97263480915806,117.963561587652
,,-0.002631586976349,-0.075606480240822,0.003000000026077,1.98606059001,118.766423282598
,,-0.002631586976349,-0.080727778375149,0.003000000026077,1.97648236106708,118.193645191812
,,-0.002631586976349,-0.085849076509476,0.003000000026077,1.92169820525252,114.917552674101
,,-0.002631586976349,-0.090970374643803,0.003000000026077,2.10546867909041,125.907027009607
,,-0.002631586976349,-0.09609167277813,0.003000000026077,9.12136622490287,545.457700249192
,,-0.001086956588551,-0.100000001490116,0.001500000013039,7.56165726843338,452.187104652316
,,-0.003260869765654,-0.100000001490116,0.002578124869615,9.67768246275475,578.725411272734
,,-0.003260869765654,-0.100000001490116,0.000421874923632,17.0412011584898,1019.06382927769
,,-0.005434783175588,-0.100000001490116,0.001500000013039,7.57015925607764,452.695523513443
,,-0.00760869635269,-0.100000001490116,0.002578124869615,9.12285990968438,545.547022599126
,,-0.00760869635269,-0.100000001490116,0.000421874923632,17.0735093145406,1020.99585700953
,,-0.009782609529793,-0.100000001490116,0.001500000013039,7.60475919284395,454.764599732069
,,-0.011956522241235,-0.100000001490116,0.002578124869615,8.57720396214027,512.916796935988
,,-0.011956522241235,-0.100000001490116,0.000421874923632,17.147367724766,1025.41258994101
,,-0.014130435883999,-0.100000001490116,0.001500000013039,7.64600523012056,457.23111276121
,,-0.016304349526763,-0.100000001490116,0.002578124869615,8.44421377636352,504.963983826538
,,-0.016304349526763,-0.100000001490116,0.000421874923632,17.1524578410862,1025.71697889696
,,-0.018478263169527,-0.100000001490116,0.001500000013039,7.68061430357462,459.300735353762
,,-0.020652176812291,-0.100000001490116,0.002578124869615,8.60812479360492,514.765862657574
,,-0.020652176812291,-0.100000001490116,0.000421874923632,17.0898941984792,1021.97567306906
,,-0.022826090455055,-0.100000001490116,0.001500000013039,7.66961928369732,458.6432331651
,,-0.025000004097819,-0.100000001490116,0.002578124869615,9.25864628986657,553.667048134021
,,-0.025000004097819,-0.100000001490116,0.000421874923632,16.8894518030523,1009.98921782253
,,-0.027173917740583,-0.100000001490116,0.001500000013039,7.63465447164641,456.552337404456
,,-0.029347831383348,-0.100000001490116,0.002578124869615,9.89792844770819,591.89612117295
,,-0.029347831383348,-0.100000001490116,0.000421874923632,16.6404032927257,995.096116904994
,,-0.031521745026112,-0.100000001490116,0.001500000013039,7.5738476845334,452.916091535098
,,-0.033695656806231,-0.100000001490116,0.002578124869615,10.3730368817828,620.307605530612
,,-0.033695656806231,-0.100000001490116,0.000421874923632,16.3933994872391,980.325289336898
,,-0.03586956858635,-0.100000001490116,0.001500000013039,7.51945733847279,449.663548840673
,,-0.038043480366468,-0.100000001490116,0.002578124869615,10.3327281575285,617.897143820207
,,-0.038043480366468,-0.100000001490116,0.000421874923632,16.2079664411541,969.236393181013
,,-0.040217392146587,-0.100000001490116,0.001500000013039,7.6496848469681,457.451153848692
,,-0.042391303926706,-0.100000001490116,0.002578124869615,9.92085061667368,593.266866877086
,,-0.042391303926706,-0.100000001490116,0.000421874923632,16.1190787556501,963.920909587875
,,-0.044565215706825,-0.100000001490116,0.001500000013039,8.37520036045257,500.836981555064
,,-0.046739127486944,-0.100000001490116,0.002578124869615,9.3814483884757,561.010613630847
,,-0.046739127486944,-0.100000001490116,0.000421874923632,16.0877517412984,962.047554129644
,,-0.048913039267063,-0.100000001490116,0.001500000013039,9.13255494732877,546.126785850261
,,-0.051086951047182,-0.100000001490116,0.002578124869615,8.86459957156776,530.103054379752
,,-0.051086951047182,-0.100000001490116,0.000421874923632,16.1315108654296,964.664349752687
,,-0.053260862827301,-0.100000001490116,0.001500000013039,9.55573644358359,571.433039326299
,,-0.05543477460742,-0.100000001490116,0.002578124869615,8.76008510754511,523.853089431198
,,-0.05543477460742,-0.100000001490116,0.000421874923632,16.2455266491853,971.482493621279
,,-0.057608686387539,-0.100000001490116,0.001500000013039,8.81543825768174,527.163207809368
,,-0.059782598167658,-0.100000001490116,0.002578124869615,8.80599546714323,526.598528935165
,,-0.059782598167658,-0.100000001490116,0.000421874923632,16.3893885574846,980.085435737578
,,-0.061956509947777,-0.100000001490116,0.001500000013039,8.06387880780645,482.219952706826
,,-0.064130425453186,-0.100000001490116,0.002578124869615,8.84251019780773,528.782109828902
,,-0.064130425453186,-0.100000001490116,0.000421874923632,16.5460485127534,989.45370106265
,,-0.066304340958595,-0.100000001490116,0.001500000013039,7.48591765358774,447.657875684547
,,-0.068478256464005,-0.100000001490116,0.002578124869615,8.90576737551441,532.564889055762
,,-0.068478256464005,-0.100000001490116,0.000421874923632,15.9964890644297,956.590046052899
,,-0.070652171969414,-0.100000001490116,0.001500000013039,7.52474129250625,449.979529291874
,,-0.072826087474823,-0.100000001490116,0.002578124869615,9.00087308568246,538.252210523812
,,-0.072826087474823,-0.100000001490116,0.000421874923632,15.3136710175108,915.757526847143
,,-0.075000002980232,-0.100000001490116,0.001500000013039,8.16720502957198,488.398860768405
,,-0.077173918485642,-0.100000001490116,0.002578124869615,9.17220969730308,548.498139898724
,,-0.077173918485642,-0.100000001490116,0.000421874923632,15.1106557387202,903.617213175467
,,-0.079347833991051,-0.100000001490116,0.001500000013039,8.9378377520051,534.482697569905
,,-0.08152174949646,-0.100000001490116,0.002578124869615,9.4540643100765,565.353045742575
,,-0.08152174949646,-0.100000001490116,0.000421874923632,16.4174370933089,981.762738179875
,,-0.083695665001869,-0.100000001490116,0.001500000013039,9.33194587955176,558.050363597196
,,-0.085869580507278,-0.100000001490116,0.002578124869615,9.75816041193392,583.537992633649
,,-0.085869580507278,-0.100000001490116,0.000421874923632,17.5534881425731,1049.69859092587
,,-0.088043496012688,-0.100000001490116,0.001500000013039,9.22134852969926,551.436642076016
,,-0.090217411518097,-0.100000001490116,0.002578124869615,8.97439881109154,536.669048903274
,,-0.090217411518097,-0.100000001490116,0.000421874923632,15.5827652210948,931.849360221472
,,-0.092391327023506,-0.100000001490116,0.001500000013039,9.14656489594218,546.964580777343
,,-0.094565242528915,-0.100000001490116,0.002578124869615,8.81976541783966,527.421971986812
,,-0.094565242528915,-0.100000001490116,0.000421874923632,15.1707015301893,907.207951505321
,,-0.096739158034325,-0.100000001490116,0.001500000013039,9.64325497607991,576.666647569578
,,-0.098913073539734,-0.100000001490116,0.002578124869615,9.04667977678673,540.991450651847
,,-0.098913073539734,-0.100000001490116,0.000421874923632,12.7906360158752,764.880033749337
,,-0.100000001490116,-0.098913043737412,0.001500000013039,9.86355262394708,589.840446912035
,,-0.100000001490116,-0.096739128232002,0.002578124869615,9.01393018947725,539.03302533074
,,-0.100000001490116,-0.096739128232002,0.000421874923632,11.6214053758623,694.960041476565
,,-0.100000001490116,-0.094565212726593,0.001500000013039,9.6249503322452,575.572029868263
,,-0.100000001490116,-0.092391297221184,0.002578124869615,8.56793886524561,512.362744141687
,,-0.100000001490116,-0.092391297221184,0.000421874923632,15.2032384964072,909.153662085153
,,-0.100000001490116,-0.090217381715775,0.001500000013039,8.95191345329125,535.324424506817
,,-0.100000001490116,-0.088043466210365,0.002578124869615,9.94899087947468,594.949654592586
,,-0.100000001490116,-0.088043466210365,0.000421874923632,19.8167635943031,1185.04246293932
,,-0.100000001490116,-0.085869550704956,0.001500000013039,9.20255772713347,550.312952082581
,,-0.100000001490116,-0.083695635199547,0.002578124869615,9.73763272609075,582.310437020227
,,-0.100000001490116,-0.083695635199547,0.000421874923632,19.8199925944531,1185.2355571483
,,-0.100000001490116,-0.081521719694138,0.001500000013039,9.06806987127223,542.270578302079
,,-0.100000001490116,-0.079347804188728,0.002578124869615,9.40096225041152,562.177542574609
,,-0.100000001490116,-0.079347804188728,0.000421874923632,15.8527692752057,947.995602657299
,,-0.100000001490116,-0.077173888683319,0.001500000013039,8.63037614717707,516.096493601189
,,-0.100000001490116,-0.07499997317791,0.002578124869615,9.16894673140146,548.303014537808
,,-0.100000001490116,-0.07499997317791,0.000421874923632,15.1531069018817,906.155792732524
,,-0.100000001490116,-0.072826057672501,0.001500000013039,7.73544644733384,462.579697550563
,,-0.100000001490116,-0.070652142167091,0.002578124869615,9.00295120616135,538.376482128449
,,-0.100000001490116,-0.070652142167091,0.000421874923632,15.5414534167633,929.378914322445
,,-0.100000001490116,-0.068478226661682,0.001500000013039,7.511153544753,449.16698197623
,,-0.100000001490116,-0.066304311156273,0.002578124869615,8.93202562374995,534.135132300247
,,-0.100000001490116,-0.066304311156273,0.000421874923632,16.3820594262489,979.647153689684
,,-0.100000001490116,-0.064130395650864,0.001500000013039,7.69440522750177,460.125432604606
,,-0.100000001490116,-0.061956483870745,0.002578124869615,8.85015218090243,529.239100417966
,,-0.100000001490116,-0.061956483870745,0.000421874923632,16.4711661307191,984.975734617002
,,-0.100000001490116,-0.059782572090626,0.001500000013039,8.44668226534351,505.111599467542
,,-0.100000001490116,-0.057608660310507,0.002578124869615,8.77421682975694,524.698166419465
,,-0.100000001490116,-0.057608660310507,0.000421874923632,16.3345856814128,976.808223748484
,,-0.100000001490116,-0.055434748530388,0.001500000013039,9.18298493214292,549.142498942147
,,-0.100000001490116,-0.053260836750269,0.002578124869615,8.72242418343659,521.600966169508
,,-0.100000001490116,-0.053260836750269,0.000421874923632,16.1738644011978,967.197091191629
,,-0.100000001490116,-0.05108692497015,0.001500000013039,9.70674955732457,580.463623528009
,,-0.100000001490116,-0.048913013190031,0.002578124869615,8.69811458276105,520.147252049111
,,-0.100000001490116,-0.048913013190031,0.000421874923632,16.084480279186,961.851920695321
,,-0.100000001490116,-0.046739101409912,0.001500000013039,9.67116359366951,578.335582901437
,,-0.100000001490116,-0.044565189629793,0.002578124869615,8.83469952464527,528.315031573787
,,-0.100000001490116,-0.044565189629793,0.000421874923632,16.0542614824703,960.044836651726
,,-0.100000001490116,-0.042391277849674,0.001500000013039,9.10816713353062,544.668394585131
,,-0.100000001490116,-0.040217366069555,0.002578124869615,9.3878757664779,561.394970835379
,,-0.100000001490116,-0.040217366069555,0.000421874923632,16.1276088377137,964.431008495277
,,-0.100000001490116,-0.038043454289436,0.001500000013039,8.39406687000031,501.965198826018
,,-0.100000001490116,-0.035869542509317,0.002578124869615,9.96004513054583,595.610698806641
,,-0.100000001490116,-0.035869542509317,0.000421874923632,16.30138596418,974.822880657966
,,-0.100000001490116,-0.033695630729199,0.001500000013039,7.7020358887249,460.581746145749
,,-0.100000001490116,-0.03152171894908,0.002578124869615,10.361384375391,619.61078564838
,,-0.100000001490116,-0.03152171894908,0.000421874923632,16.5292703411358,988.450366399923
,,-0.100000001490116,-0.029347805306315,0.001500000013039,7.58463937480763,453.561434613497
,,-0.100000001490116,-0.027173891663551,0.002578124869615,10.2675344835064,613.99856211368
,,-0.100000001490116,-0.027173891663551,0.000421874923632,16.8226363391889,1005.9936530835
,,-0.100000001490116,-0.024999978020787,0.001500000013039,7.63819932374385,456.764319559882
,,-0.100000001490116,-0.022826064378023,0.002578124869615,9.75046030433179,583.077526199041
,,-0.100000001490116,-0.022826064378023,0.000421874923632,17.0497058747839,1019.57241131208
,,-0.100000001490116,-0.020652150735259,0.001500000013039,7.67014802814051,458.674852082803
,,-0.100000001490116,-0.018478237092495,0.002578124869615,9.12585291600484,545.726004377089
,,-0.100000001490116,-0.018478237092495,0.000421874923632,17.1978630205056,1028.43220862623
,,-0.100000001490116,-0.016304323449731,0.001500000013039,7.65887958087708,458.00099893645
,,-0.100000001490116,-0.014130409806967,0.002578124869615,8.57595849203184,512.842317823504
,,-0.100000001490116,-0.014130409806967,0.000421874923632,17.178842486638,1027.29478070095
,,-0.100000001490116,-0.011956496164203,0.001500000013039,7.63301627168184,456.454373046574
,,-0.100000001490116,-0.009782582521439,0.002578124869615,8.85881770222359,529.757298592971
,,-0.100000001490116,-0.009782582521439,0.000421874923632,17.1240009625939,1024.01525756311
,,-0.100000001490116,-0.007608669344336,0.001500000013039,7.60491137569229,454.773700266399
,,-0.100000001490116,-0.005434756167233,0.002578124869615,9.41591376240264,563.071642991678
,,-0.100000001490116,-0.005434756167233,0.000421874923632,17.0759221536912,1021.14014479073
,,-0.100000001490116,-0.00326084299013,0.001500000013039,7.60022070367939,454.493198080028
,,-0.100000001490116,-0.001086929813027,0.002578124869615,9.98458324137558,597.07807783426
,,-0.100000001490116,-0.001086929813027,0.000421874923632,17.0823562579505,1021.52490422544
,,0,-0.098913043737412,0.001500000013039,,452.059999943841
,,0,-0.096739128232002,0.000421875185566,,
,,0,-0.096739128232002,0.002578124869615,,
,,0,-0.094565212726593,0.001500000013039,,
,,0,-0.092391297221184,0.000421875185566,,
,,0,-0.092391297221184,0.002578124869615,,
,,0,-0.090217381715775,0.001500000013039,,
,,0,-0.088043466210365,0.000421875185566,,
,,0,-0.088043466210365,0.002578124869615,,
,,0,-0.085869550704956,0.001500000013039,,
,,0,-0.083695635199547,0.000421875185566,,
,,0,-0.083695635199547,0.002578124869615,,
,,0,-0.081521719694138,0.001500000013039,,
,,0,-0.079347804188728,0.000421875185566,,
,,0,-0.079347804188728,0.002578124869615,,
,,0,-0.077173888683319,0.001500000013039,,
,,0,-0.07499997317791,0.000421875185566,,
,,0,-0.07499997317791,0.002578124869615,,
,,0,-0.072826057672501,0.001500000013039,,
,,0,-0.070652142167091,0.000421875185566,,
,,0,-0.070652142167091,0.002578124869615,,
,,0,-0.068478226661682,0.001500000013039,,
,,0,-0.066304311156273,0.000421875185566,,
,,0,-0.066304311156273,0.002578124869615,,
,,0,-0.064130395650864,0.001500000013039,,
,,0,-0.061956483870745,0.000421875185566,,
,,0,-0.061956483870745,0.002578124869615,,
,,0,-0.059782572090626,0.001500000013039,,
,,0,-0.057608660310507,0.000421875185566,,
,,0,-0.057608660310507,0.002578124869615,,
,,0,-0.055434748530388,0.001500000013039,,
,,0,-0.053260836750269,0.000421875185566,,
,,0,-0.053260836750269,0.002578124869615,,
,,0,-0.05108692497015,0.001500000013039,,
,,0,-0.048913013190031,0.000421875185566,,
,,0,-0.048913013190031,0.002578124869615,,
,,0,-0.046739101409912,0.001500000013039,,
,,0,-0.044565189629793,0.000421875185566,,
,,0,-0.044565189629793,0.002578124869615,,
,,0,-0.042391277849674,0.001500000013039,,
,,0,-0.040217366069555,0.000421875185566,,
,,0,-0.040217366069555,0.002578124869615,,
,,0,-0.038043454289436,0.001500000013039,,
,,0,-0.035869542509317,0.000421875185566,,
,,0,-0.035869542509317,0.002578124869615,,
,,0,-0.033695630729199,0.001500000013039,,
,,0,-0.03152171894908,0.000421875185566,,
,,0,-0.03152171894908,0.002578124869615,,
,,0,-0.029347805306315,0.001500000013039,,
,,0,-0.027173891663551,0.000421875185566,,
,,0,-0.027173891663551,0.002578124869615,,
,,0,-0.024999978020787,0.001500000013039,,
,,0,-0.022826064378023,0.000421875185566,,
,,0,-0.022826064378023,0.002578124869615,,
,,0,-0.020652150735259,0.001500000013039,,
,,0,-0.018478237092495,0.000421875185566,,
,,0,-0.018478237092495,0.002578124869615,,
,,0,-0.016304323449731,0.001500000013039,,
,,0,-0.014130409806967,0.000421875185566,,
,,0,-0.014130409806967,0.002578124869615,,
,,0,-0.011956496164203,0.001500000013039,,
,,0,-0.009782582521439,0.000421875185566,,
,,0,-0.009782582521439,0.002578124869615,,
,,0,-0.007608669344336,0.001500000013039,,
,,0,-0.005434756167233,0.000421875185566,,
,,0,-0.005434756167233,0.002578124869615,,
,,0,-0.00326084299013,0.001500000013039,,
,,0,-0.001086929813027,0.000421875185566,,
,,0,-0.001086929813027,0.002578124869615,,
,,-0.098913043737412,0,0.001500000013039,,454.628648305419
,,-0.096739128232002,0,0.002578124869615,,
,,-0.096739128232002,0,0.000421874923632,,
,,-0.094565212726593,0,0.001500000013039,,
,,-0.092391297221184,0,0.002578124869615,,
,,-0.092391297221184,0,0.000421874923632,,
,,-0.090217381715775,0,0.001500000013039,,
,,-0.088043466210365,0,0.002578124869615,,
,,-0.088043466210365,0,0.000421874923632,,
,,-0.085869550704956,0,0.001500000013039,,
,,-0.083695635199547,0,0.002578124869615,,
,,-0.083695635199547,0,0.000421874923632,,
,,-0.081521719694138,0,0.001500000013039,,
,,-0.079347804188728,0,0.002578124869615,,
,,-0.079347804188728,0,0.000421874923632,,
,,-0.077173888683319,0,0.001500000013039,,
,,-0.07499997317791,0,0.002578124869615,,
,,-0.07499997317791,0,0.000421874923632,,
,,-0.072826057672501,0,0.001500000013039,,
,,-0.070652142167091,0,0.002578124869615,,
,,-0.070652142167091,0,0.000421874923632,,
,,-0.068478226661682,0,0.001500000013039,,
,,-0.066304311156273,0,0.002578124869615,,
,,-0.066304311156273,0,0.000421874923632,,
,,-0.064130395650864,0,0.001500000013039,,
,,-0.061956483870745,0,0.002578124869615,,
,,-0.061956483870745,0,0.000421874923632,,
,,-0.059782572090626,0,0.001500000013039,,
,,-0.057608660310507,0,0.002578124869615,,
,,-0.057608660310507,0,0.000421874923632,,
,,-0.055434748530388,0,0.001500000013039,,
,,-0.053260836750269,0,0.002578124869615,,
,,-0.053260836750269,0,0.000421874923632,,
,,-0.05108692497015,0,0.001500000013039,,
,,-0.048913013190031,0,0.002578124869615,,
,,-0.048913013190031,0,0.000421874923632,,
,,-0.046739101409912,0,0.001500000013039,,
,,-0.044565189629793,0,0.002578124869615,,
,,-0.044565189629793,0,0.000421874923632,,
,,-0.042391277849674,0,0.001500000013039,,
,,-0.040217366069555,0,0.002578124869615,,
,,-0.040217366069555,0,0.000421874923632,,
,,-0.038043454289436,0,0.001500000013039,,
,,-0.035869542509317,0,0.002578124869615,,
,,-0.035869542509317,0,0.000421874923632,,
,,-0.033695630729199,0,0.001500000013039,,
,,-0.03152171894908,0,0.002578124869615,,
,,-0.03152171894908,0,0.000421874923632,,
,,-0.029347805306315,0,0.001500000013039,,
,,-0.027173891663551,0,0.002578124869615,,
,,-0.027173891663551,0,0.000421874923632,,
,,-0.024999978020787,0,0.001500000013039,,
,,-0.022826064378023,0,0.002578124869615,,
,,-0.022826064378023,0,0.000421874923632,,
,,-0.020652150735259,0,0.001500000013039,,
,,-0.018478237092495,0,0.002578124869615,,
,,-0.018478237092495,0,0.000421874923632,,
,,-0.016304323449731,0,0.001500000013039,,
,,-0.014130409806967,0,0.002578124869615,,
,,-0.014130409806967,0,0.000421874923632,,
,,-0.011956496164203,0,0.001500000013039,,
,,-0.009782582521439,0,0.002578124869615,,
,,-0.009782582521439,0,0.000421874923632,,
,,-0.007608669344336,0,0.001500000013039,,
,,-0.005434756167233,0,0.002578124869615,,
,,-0.005434756167233,0,0.000421874923632,,
,,-0.00326084299013,0,0.001500000013039,,
,,-0.001086929813027,0,0.002578124869615,,
,,-0.001086929813027,0,0.000421874923632,,
